1,肖申克的救赎/ The Shawshank Redemption/ 月黑高飞(港)  /  刺激1995(台),弗兰克·德拉邦特 Frank Darabont,1994,美国,犯罪 剧情,9.7,2064230,https://movie.douban.com/subject/1292052/
2,霸王别姬/ 再见，我的妾  /  Farewell My Concubine,陈凯歌 Kaige Chen,1993,中国大陆 中国香港,剧情 爱情 同性,9.6,1530297,https://movie.douban.com/subject/1291546/
3,阿甘正传/ Forrest Gump/ 福雷斯特·冈普,罗伯特·泽米吉斯 Robert Zemeckis,1994,美国,剧情 爱情,9.5,1560360,https://movie.douban.com/subject/1292720/
4,这个杀手不太冷/ Léon/ 杀手莱昂  /  终极追杀令(台),吕克·贝松 Luc Besson,1994,法国,剧情 动作 犯罪,9.4,1751710,https://movie.douban.com/subject/1295644/
5,美丽人生/ La vita è bella/ 一个快乐的传说(港)  /  Life Is Beautiful,罗伯托·贝尼尼 Roberto Benigni,1997,意大利,剧情 喜剧 爱情 战争,9.5,979025,https://movie.douban.com/subject/1292063/
6,泰坦尼克号/ Titanic/ 铁达尼号(港 / 台),詹姆斯·卡梅隆 James Cameron,1997,美国,剧情 爱情 灾难,9.4,1512914,https://movie.douban.com/subject/1292722/
7,千与千寻/ 千と千尋の神隠し/ 神隐少女(台)  /  千与千寻的神隐,宫崎骏 Hayao Miyazaki,2001,日本,剧情 动画 奇幻,9.4,1620668,https://movie.douban.com/subject/1291561/
8,辛德勒的名单/ Schindler's List/ 舒特拉的名单(港)  /  辛德勒名单,史蒂文·斯皮尔伯格 Steven Spielberg,1993,美国,剧情 历史 战争,9.5,795225,https://movie.douban.com/subject/1295124/
9,盗梦空间/ Inception/ 潜行凶间(港)  /  全面启动(台),克里斯托弗·诺兰 Christopher Nolan,2010,美国 英国,剧情 科幻 悬疑 冒险,9.3,1491319,https://movie.douban.com/subject/3541415/
10,忠犬八公的故事/ Hachi: A Dog's Tale/ 秋田犬八千(港)  /  忠犬小八(台),莱塞·霍尔斯道姆 Lasse Hallström,2009,美国 英国,剧情,9.4,1036885,https://movie.douban.com/subject/3011091/
11,海上钢琴师/ La leggenda del pianista sull'oceano/ 声光伴我飞(港)  /  一九零零的传奇,朱塞佩·托纳多雷 Giuseppe Tornatore,1998,意大利,剧情 音乐,9.3,1243005,https://movie.douban.com/subject/1292001/
12,楚门的世界/ The Truman Show/ 真人Show(港)  /  真人戏,彼得·威尔 Peter Weir,1998,美国,剧情 科幻,9.3,1114674,https://movie.douban.com/subject/1292064/
13,三傻大闹宝莱坞/ 3 Idiots/ 三个傻瓜(台)  /  作死不离3兄弟(港),拉库马·希拉尼 Rajkumar Hirani,2009,印度,剧情 喜剧 爱情 歌舞,9.2,1383516,https://movie.douban.com/subject/3793023/
14,机器人总动员/ WALL·E/ 太空奇兵·威E(港)  /  瓦力(台),安德鲁·斯坦顿 Andrew Stanton,2008,美国,科幻 动画 冒险,9.3,981394,https://movie.douban.com/subject/2131459/
15,放牛班的春天/ Les choristes/ 歌声伴我心(港)  /  唱诗班男孩,克里斯托夫·巴拉蒂 Christophe Barratier,2004,法国 瑞士 德国,剧情 音乐,9.3,962527,https://movie.douban.com/subject/1291549/
16,星际穿越/ Interstellar/ 星际启示录(港)  /  星际效应(台),克里斯托弗·诺兰 Christopher Nolan,2014,美国 英国 加拿大 冰岛,剧情 科幻 冒险,9.3,1115807,https://movie.douban.com/subject/1889243/
17,大话西游之大圣娶亲/ 西遊記大結局之仙履奇緣/ 西游记完结篇仙履奇缘  /  齐天大圣西游记,刘镇伟 Jeffrey Lau,1995,中国香港 中国大陆,喜剧 爱情 奇幻 古装,9.2,1093807,https://movie.douban.com/subject/1292213/
18,熔炉/ 도가니/ 无声呐喊(港)  /  漩涡,黄东赫 Dong-hyuk Hwang,2011,韩国,剧情,9.3,674327,https://movie.douban.com/subject/5912992/
19,疯狂动物城/ Zootopia/ 优兽大都会(港)  /  动物方城市(台),拜伦·霍华德 Byron Howard / 瑞奇·摩尔 Rich Moore,2016,美国,喜剧 动画 冒险,9.2,1307684,https://movie.douban.com/subject/25662329/
20,无间道/ 無間道/ Infernal Affairs  /  Mou gaan dou,刘伟强 / 麦兆辉,2002,中国香港,剧情 犯罪 悬疑,9.2,892509,https://movie.douban.com/subject/1307914/
21,龙猫/ となりのトトロ/ 邻居托托罗  /  邻家的豆豆龙,宫崎骏 Hayao Miyazaki,1988,日本,动画 奇幻 冒险,9.2,924751,https://movie.douban.com/subject/1291560/
22,教父/ The Godfather/ Mario Puzo's The Godfather,弗朗西斯·福特·科波拉 Francis Ford Coppola,1972,美国,剧情 犯罪,9.3,675599,https://movie.douban.com/subject/1291841/
23,当幸福来敲门/ The Pursuit of Happyness/ 寻找快乐的故事(港)  /  追求快乐,加布里尔·穆奇诺 Gabriele Muccino,2006,美国,剧情 传记 家庭,9.1,1105308,https://movie.douban.com/subject/1849031/
24,怦然心动/ Flipped/ 萌动青春  /  青春萌动,罗伯·莱纳 Rob Reiner,2010,美国,剧情 喜剧 爱情,9.1,1288808,https://movie.douban.com/subject/3319755/
25,触不可及/ Intouchables/ 闪亮人生(港)  /  逆转人生(台),奥利维·那卡什 Olivier Nakache / 艾力克·托兰达 Eric Toledano,2011,法国,剧情 喜剧,9.2,722381,https://movie.douban.com/subject/6786002/
26,控方证人/ Witness for the Prosecution/ 雄才伟略  /  情妇,比利·怀尔德 Billy Wilder,1957,美国,剧情 犯罪 悬疑,9.6,292883,https://movie.douban.com/subject/1296141/
27,蝙蝠侠：黑暗骑士/ The Dark Knight/ 蝙蝠侠前传2：黑暗骑士  /  黑暗骑士(台),克里斯托弗·诺兰 Christopher Nolan,2008,美国 英国,剧情 动作 科幻 犯罪 惊悚,9.2,744928,https://movie.douban.com/subject/1851857/
28,活着/ 人生  /  Lifetimes,张艺谋 Yimou Zhang,1994,中国大陆 中国香港,剧情 历史 家庭,9.2,579453,https://movie.douban.com/subject/1292365/
29,寻梦环游记/ Coco/ 玩转极乐园(港)  /  可可夜总会(台),李·昂克里奇 Lee Unkrich / 阿德里安·莫利纳 Adrian Molina,2017,美国,喜剧 动画 奇幻 音乐,9.1,1090104,https://movie.douban.com/subject/20495023/
30,乱世佳人/ Gone with the Wind/ 飘,维克多·弗莱明 Victor Fleming / 乔治·库克 George Cukor,1939,美国,剧情 历史 爱情 战争,9.3,496928,https://movie.douban.com/subject/1300267/
31,末代皇帝/ The Last Emperor/ 末代皇帝溥仪(港),贝纳尔多·贝托鲁奇 Bernardo Bertolucci,1987,英国 意大利 中国大陆 法国,剧情 传记 历史,9.2,528046,https://movie.douban.com/subject/1293172/
32,摔跤吧！爸爸/ Dangal/ 我和我的冠军女儿(台)  /  打死不离3父女(港),涅提·蒂瓦里 Nitesh Tiwari,2016,印度,剧情 传记 运动 家庭,9.0,1133817,https://movie.douban.com/subject/26387939/
33,指环王3：王者无敌/ The Lord of the Rings: The Return of the King/ 魔戒三部曲：王者再临(台 / 港),彼得·杰克逊 Peter Jackson,2003,美国 新西兰,剧情 动作 奇幻 冒险,9.2,548256,https://movie.douban.com/subject/1291552/
34,何以为家/ كفرناحوم/ 迦百农  /  星仔打官司(港),娜丁·拉巴基 Nadine Labaki,2018,黎巴嫩 法国 美国,剧情,9.1,671326,https://movie.douban.com/subject/30170448/
35,少年派的奇幻漂流/ Life of Pi/ 少年Pi的奇幻漂流  /  漂流少年Pi,李安 Ang Lee,2012,美国 中国台湾 英国 加拿大,剧情 奇幻 冒险,9.1,1037752,https://movie.douban.com/subject/1929463/
36,飞屋环游记/ Up/ 冲天救兵(港)  /  天外奇迹(台),彼特·道格特 Pete Docter / 鲍勃·彼德森 Bob Peterson,2009,美国,剧情 喜剧 动画 冒险,9.0,970363,https://movie.douban.com/subject/2129039/
37,十二怒汉/ 12 Angry Men/ 12怒汉  /  十二怒汉,Sidney Lumet,1957,美国,剧情,9.4,330136,https://movie.douban.com/subject/1293182/
38,鬼子来了/ Devils on the Doorstep,姜文 Wen Jiang,2000,中国大陆,剧情 喜剧,9.2,447082,https://movie.douban.com/subject/1291858/
39,素媛/ 소원/ 许愿  /  希望：为爱重生(台),李濬益 Jun-ik Lee,2013,韩国,剧情,9.2,452587,https://movie.douban.com/subject/21937452/
40,天空之城/ 天空の城ラピュタ/ Tenkû no shiro Rapyuta  /  Laputa: Castle in the Sky,宫崎骏 Hayao Miyazaki,1986,日本,动画 奇幻 冒险,9.1,615895,https://movie.douban.com/subject/1291583/
41,哈尔的移动城堡/ ハウルの動く城/ 哈尔移动城堡(港)  /  呼啸山城,宫崎骏 Hayao Miyazaki,2004,日本,动画 奇幻 冒险,9.1,709721,https://movie.douban.com/subject/1308807/
42,大话西游之月光宝盒/ 西遊記第壹佰零壹回之月光寶盒/ 西游记101回月光宝盒  /  齐天大圣东游记,刘镇伟 Jeffrey Lau,1995,中国香港 中国大陆,喜剧 爱情 奇幻 古装,9.0,875726,https://movie.douban.com/subject/1299398/
43,天堂电影院/ Nuovo Cinema Paradiso/ 星光伴我心(港)  /  新天堂乐园(台),朱塞佩·托纳多雷 Giuseppe Tornatore,1988,意大利 法国,剧情 爱情,9.2,479666,https://movie.douban.com/subject/1291828/
44,罗马假日/ Roman Holiday/ 金枝玉叶(港)  /  罗马假期(台),威廉·惠勒 William Wyler,1953,美国,喜剧 剧情 爱情,9.0,710825,https://movie.douban.com/subject/1293839/
45,闻香识女人/ Scent of a Woman/ 女人香  /  女人的芳香,马丁·布莱斯 Martin Brest,1992,美国,剧情,9.1,618811,https://movie.douban.com/subject/1298624/
46,哈利·波特与魔法石/ Harry Potter and the Sorcerer's Stone/ 哈利波特1：神秘的魔法石(港 / 台),Chris Columbus,2001,美国 英国,奇幻 冒险,9.0,679045,https://movie.douban.com/subject/1295038/
47,辩护人/ 변호인/ 逆权大状(港)  /  正义辩护人(台),杨宇硕 Woo-seok Yang,2013,韩国,剧情,9.2,443373,https://movie.douban.com/subject/21937445/
48,我不是药神/ 中国药神  /  印度药神,文牧野 Muye Wen,2018,中国大陆,剧情 喜剧,9.0,1516392,https://movie.douban.com/subject/26752088/
49,搏击俱乐部/ Fight Club/ 搏击会(港)  /  斗阵俱乐部(台),大卫·芬奇 David Fincher,1999,美国 德国,剧情 动作 悬疑 惊悚,9.0,637958,https://movie.douban.com/subject/1292000/
50,死亡诗社/ Dead Poets Society/ 暴雨骄阳(港)  /  春风化雨(台),彼得·威尔 Peter Weir,1989,美国,剧情,9.1,505052,https://movie.douban.com/subject/1291548/
51,教父2/ The Godfather: Part Ⅱ/ 教父续集(港)  /  教父II,弗朗西斯·福特·科波拉 Francis Ford Coppola,1974,美国,剧情 犯罪,9.2,374263,https://movie.douban.com/subject/1299131/
52,狮子王/ The Lion King/ 狮子王3D,Roger Allers / 罗伯·明可夫 Rob Minkoff,1994,美国,动画 冒险 歌舞,9.0,582339,https://movie.douban.com/subject/1301753/
53,指环王2：双塔奇兵/ The Lord of the Rings: The Two Towers/ 魔戒二部曲：双城奇谋  /  指环王II：双塔,彼得·杰克逊 Peter Jackson,2002,美国 新西兰,剧情 动作 奇幻 冒险,9.1,500382,https://movie.douban.com/subject/1291572/
54,大闹天宫/ 大闹天宫 上下集  /  The Monkey King,万籁鸣 Laiming Wan / 唐澄 Cheng  Tang,1961(中国大陆),国大陆),1964(中国大陆) / 1978(中国大陆) / 2004(中国大陆) / 中国大陆 / 动画 奇幻,9.3,279584,https://movie.douban.com/subject/1418019/
55,窃听风暴/ Das Leben der Anderen/ 窃听者(港)  /  他人的生活,not found,2006,德国,剧情 悬疑,9.1,415361,https://movie.douban.com/subject/1900841/
56,猫鼠游戏/ Catch Me If You Can/ 逍遥法外  /  神鬼交锋(台),史蒂文·斯皮尔伯格 Steven Spielberg,2002,美国 加拿大,传记 犯罪 剧情,9.0,583526,https://movie.douban.com/subject/1305487/
57,指环王1：魔戒再现/ The Lord of the Rings: The Fellowship of the Ring/ 魔戒首部曲：魔戒现身  /  指环王I：护戒使者,彼得·杰克逊 Peter Jackson,2001,新西兰 美国,剧情 动作 奇幻 冒险,9.0,563113,https://movie.douban.com/subject/1291571/
58,"两杆大烟枪/ Lock, Stock and Two Smoking Barrels/ 够姜四小强(港)  /  两根枪管(台)",Guy Ritchie,1998,英国,剧情 喜剧 犯罪,9.1,443707,https://movie.douban.com/subject/1293350/
59,钢琴家/ The Pianist/ 钢琴战曲(港)  /  战地琴人(台),罗曼·波兰斯基 Roman Polanski,2002,法国 德国 英国 波兰,剧情 传记 历史 战争 音乐,9.2,376519,https://movie.douban.com/subject/1296736/
60,美丽心灵/ A Beautiful Mind/ 有你终生美丽(港)  /  美丽境界(台),朗·霍华德 Ron Howard,2001,美国,传记 剧情,9.0,547930,https://movie.douban.com/subject/1306029/
61,饮食男女/ 飲食男女/ Eat Drink Man Woman,李安 Ang Lee,1994,中国台湾 美国,剧情 家庭,9.1,411147,https://movie.douban.com/subject/1291818/
62,黑客帝国/ The Matrix/ 22世纪杀人网络(港)  /  廿二世纪杀人网络(港),安迪·沃卓斯基 Andy Wachowski / 拉娜·沃卓斯基 Lana Wachowski,1999,美国 澳大利亚,动作 科幻,9.0,564541,https://movie.douban.com/subject/1291843/
63,飞越疯人院/ One Flew Over the Cuckoo's Nest/ 飞越杜鹃窝(台)  /  飞越喜鹊巢,米洛斯·福尔曼 Miloš Forman,1975,美国,剧情,9.1,434736,https://movie.douban.com/subject/1292224/
64,本杰明·巴顿奇事/ The Curious Case of Benjamin Button/ 奇幻逆缘(港)  /  班杰明的奇幻旅程(台),大卫·芬奇 David Fincher,2008,美国,剧情 爱情 奇幻,8.9,715516,https://movie.douban.com/subject/1485260/
65,V字仇杀队/ V for Vendetta/ V煞(港)  /  V怪客(台),詹姆斯·麦克特格 James McTeigue,2005,美国 英国 德国,剧情 动作 科幻 惊悚,8.9,767368,https://movie.douban.com/subject/1309046/
66,让子弹飞/ 让子弹飞一会儿  /  火烧云,姜文 Wen Jiang,2010,中国大陆 中国香港,剧情 喜剧 动作 西部,8.8,1164778,https://movie.douban.com/subject/3742360/
67,看不见的客人/ Contratiempo/ 死无对证(港)  /  布局(台),奥里奥尔·保罗 Oriol Paulo,2016,西班牙,剧情 犯罪 悬疑 惊悚,8.8,845682,https://movie.douban.com/subject/26580232/
68,西西里的美丽传说/ Malèna/ 真爱伴我行(台)  /  玛莲娜,朱塞佩·托纳多雷 Giuseppe Tornatore,2000,意大利 美国,剧情 战争 情色,8.9,704453,https://movie.douban.com/subject/1292402/
69,小鞋子/ بچههای آسمان/ 天堂的孩子  /  小童鞋,马基德·马基迪 Majid Majidi,1997,伊朗,剧情 儿童 家庭,9.2,289367,https://movie.douban.com/subject/1303021/
70,拯救大兵瑞恩/ Saving Private Ryan/ 雷霆救兵(港)  /  抢救雷恩大兵(台),史蒂文·斯皮尔伯格 Steven Spielberg,1998,美国,剧情 历史 战争,9.0,463253,https://movie.douban.com/subject/1292849/
71,绿皮书/ Green Book/ 绿簿旅友(港)  /  幸福绿皮书(台),彼得·法雷里 Peter Farrelly,2018,美国,剧情 喜剧 传记,8.9,1097617,https://movie.douban.com/subject/27060077/
72,海豚湾/ The Cove/ 血色海湾(台)  /  海湾,路易·西霍尤斯 Louie Psihoyos,2009,美国,纪录片,9.3,287300,https://movie.douban.com/subject/3442220/
73,情书/ Love Letter/ When I Close My Eyes  /  Letters of Love,岩井俊二 Shunji Iwai,1995,日本,剧情 爱情,8.9,656491,https://movie.douban.com/subject/1292220/
74,穿条纹睡衣的男孩/ The Boy in the Striped Pajamas/ 穿条纹衣服的男孩  /  穿条纹衣的男孩,马克·赫尔曼 Mark Herman,2008,英国 美国,剧情 战争,9.1,358248,https://movie.douban.com/subject/3008247/
75,海蒂和爷爷/ Heidi/ 飘零燕(港)  /  海蒂,阿兰·葛斯彭纳 Alain Gsponer,2015,德国 瑞士 南非,剧情 冒险 家庭,9.2,282240,https://movie.douban.com/subject/25958717/
76,音乐之声/ The Sound of Music/ 仙乐飘飘处处闻(港)  /  真善美(台),罗伯特·怀斯 Robert Wise,1965,美国,剧情 传记 爱情 歌舞,9.0,430914,https://movie.douban.com/subject/1294408/
77,美国往事/ Once Upon a Time in America/ 四海兄弟(台)  /  义薄云天(港),赛尔乔·莱翁内 Sergio Leone,1984,美国 意大利,犯罪 剧情,9.2,303510,https://movie.douban.com/subject/1292262/
78,致命魔术/ The Prestige/ 顶尖对决(台)  /  死亡魔法(港),克里斯托弗·诺兰 Christopher Nolan,2006,英国 美国,剧情 悬疑 惊悚,8.9,613723,https://movie.douban.com/subject/1780330/
79,低俗小说/ Pulp Fiction/ 危险人物(港)  /  黑色追缉令(台),昆汀·塔伦蒂诺 Quentin Tarantino,1994,美国,剧情 喜剧 犯罪,8.8,605059,https://movie.douban.com/subject/1291832/
80,七宗罪/ Se7en/ 火线追缉令(台)  /  7宗罪,大卫·芬奇 David Fincher,1995,美国,剧情 犯罪 悬疑 惊悚,8.8,709043,https://movie.douban.com/subject/1292223/
81,沉默的羔羊/ The Silence of the Lambs/ 沉默的羔羊,乔纳森·戴米 Jonathan Demme,1991,美国,剧情 犯罪 惊悚,8.8,606811,https://movie.douban.com/subject/1293544/
82,蝴蝶效应/ The Butterfly Effect/ 蝴蝶效应,埃里克·布雷斯 Eric Bress / J·麦基·格鲁伯 J. Mackye Gruber,2004,美国 加拿大,剧情 悬疑 科幻 惊悚,8.8,673891,https://movie.douban.com/subject/1292343/
83,禁闭岛/ Shutter Island/ 不赦岛(港)  /  隔离岛(台),Martin Scorsese,2010,美国,剧情 悬疑 惊悚,8.8,677268,https://movie.douban.com/subject/2334904/
84,春光乍泄/ 春光乍洩/ 一起快乐  /  Happy Together,王家卫 Kar Wai Wong,1997,中国香港 日本 韩国,剧情 爱情 同性,8.9,455323,https://movie.douban.com/subject/1292679/
85,心灵捕手/ Good Will Hunting/ 骄阳似我(港)  /  心灵捕手,格斯·范·桑特 Gus Van Sant,1997,美国,剧情,8.9,503180,https://movie.douban.com/subject/1292656/
86,布达佩斯大饭店/ The Grand Budapest Hotel/ 布达佩斯大酒店(港)  /  欢迎来到布达佩斯大饭店(台),韦斯·安德森 Wes Anderson,2014,美国 德国 英国,剧情 喜剧 冒险,8.8,638857,https://movie.douban.com/subject/11525673/
87,被嫌弃的松子的一生/ 嫌われ松子の一生/ 花样奇缘(港)  /  令人讨厌的松子的一生(台),中岛哲也 Tetsuya Nakashima,2006,日本,剧情 歌舞,8.9,543010,https://movie.douban.com/subject/1787291/
88,阿凡达/ Avatar/ 天神下凡(港)  /  化身,詹姆斯·卡梅隆 James Cameron,2009,美国 英国,动作 科幻 冒险,8.7,961885,https://movie.douban.com/subject/1652587/
89,摩登时代/ Modern Times/ The Masses  /  Les Temps modernes,查理·卓别林 Charles Chaplin,1936,美国,剧情 喜剧 爱情,9.3,201443,https://movie.douban.com/subject/1294371/
90,剪刀手爱德华/ Edward Scissorhands/ 幻海奇缘(港)  /  剪刀手爱德华,蒂姆·波顿 Tim Burton,1990,美国,剧情 奇幻 爱情,8.7,813547,https://movie.douban.com/subject/1292370/
91,勇敢的心/ Braveheart/ 惊世未了缘(港)  /  梅尔吉勃逊之英雄本色(台),梅尔·吉布森 Mel Gibson,1995,美国,动作 传记 剧情 历史 战争,8.9,448102,https://movie.douban.com/subject/1294639/
92,天使爱美丽/ Le fabuleux destin d'Amélie Poulain/ 艾蜜莉的异想世界(台)  /  天使艾米莉,让-皮埃尔·热内 Jean-Pierre Jeunet,2001,法国 德国,喜剧 爱情,8.7,776358,https://movie.douban.com/subject/1292215/
93,喜剧之王/ 喜劇之王/ King of Comedy,周星驰 Stephen Chow / 李力持 Lik-Chi Lee,1999,中国香港,喜剧 剧情 爱情,8.7,678481,https://movie.douban.com/subject/1302425/
94,致命ID/ Identity/ 杀人游戏  /  致命身份,詹姆斯·曼高德 James Mangold,2003,美国,剧情 悬疑 惊悚,8.8,569903,https://movie.douban.com/subject/1297192/
95,加勒比海盗/ Pirates of the Caribbean: The Curse of the Black Pearl/ 加勒比海盗1：黑珍珠号的诅咒  /  神鬼奇航：鬼盗船魔咒(台),戈尔·维宾斯基 Gore Verbinski,2003,美国,动作 冒险 奇幻,8.8,639563,https://movie.douban.com/subject/1298070/
96,断背山/ Brokeback Mountain/ 断臂山  /  BBM,李安 Ang Lee,2005,美国 加拿大,剧情 爱情 同性 家庭,8.8,540624,https://movie.douban.com/subject/1418834/
97,哈利·波特与死亡圣器(下)/ Harry Potter and the Deathly Hallows: Part 2/ 哈利波特7：死神的圣物2(港 / 台),大卫·叶茨 David Yates,2011,美国 英国,奇幻 冒险,8.8,540300,https://movie.douban.com/subject/3011235/
98,杀人回忆/ 살인의 추억/ 谋杀回忆  /  杀手回忆录,奉俊昊 Joon-ho Bong,2003,韩国,剧情 动作 犯罪 悬疑 惊悚,8.8,472703,https://movie.douban.com/subject/1300299/
99,狩猎/ Jagten/ 谎言的烙印(台)  /  诬网(港),托马斯·温特伯格 Thomas Vinterberg,2012,丹麦 瑞典,剧情,9.1,257258,https://movie.douban.com/subject/6985810/
100,请以你的名字呼唤我/ Call Me by Your Name/ 以你的名字呼唤我(港 / 台),卢卡·瓜达尼诺 Luca Guadagnino,2017,意大利 法国 巴西 美国 荷兰 德国,剧情 爱情 同性,8.9,458945,https://movie.douban.com/subject/26799731/
101,幽灵公主/ もののけ姫/ 魔法公主(台)  /  幽灵少女,宫崎骏 Hayao Miyazaki,1997,日本,动画 奇幻 冒险,8.9,397108,https://movie.douban.com/subject/1297359/
102,阳光灿烂的日子/ In the Heat of the Sun,姜文 Wen Jiang,1994,中国大陆 中国香港,剧情 爱情,8.8,457384,https://movie.douban.com/subject/1291875/
103,小森林 夏秋篇/ リトル・フォレスト 夏・秋/ 小森食光 / 夏秋篇(台),森淳一 Junichi Mori,2014,日本,剧情,9.0,303208,https://movie.douban.com/subject/25814705/
104,重庆森林/ 重慶森林/ Chungking Express,王家卫 Kar Wai Wong,1994,中国香港,剧情 爱情,8.7,576933,https://movie.douban.com/subject/1291999/
105,入殓师/ おくりびと/ 礼仪师之奏鸣曲(港)  /  礼仪师(台),泷田洋二郎 Yôjirô Takita,2008,日本,剧情,8.8,451844,https://movie.douban.com/subject/2149806/
106,第六感/ The Sixth Sense/ 鬼眼(港)  /  灵异第六感(台),M·奈特·沙马兰 M. Night Shyamalan,1999,美国,剧情 悬疑 惊悚,8.9,393901,https://movie.douban.com/subject/1297630/
107,7号房的礼物/ 7번방의 선물/ 戆爸的礼物(港)  /  7号囚房的礼物,李焕庆 Hwan-kyeong Lee,2013,韩国,剧情 喜剧 家庭,8.9,374823,https://movie.douban.com/subject/10777687/
108,红辣椒/ パプリカ/ 盗梦侦探(港 / 台),今敏 Satoshi Kon,2006,日本,动画 悬疑 科幻 惊悚,9.0,280709,https://movie.douban.com/subject/1865703/
109,消失的爱人/ Gone Girl/ 失踪的女孩  /  失踪女孩,大卫·芬奇 David Fincher,2014,美国,剧情 犯罪 悬疑 惊悚,8.7,648086,https://movie.douban.com/subject/21318488/
110,小森林 冬春篇/ リトル・フォレスト 冬・春/ 小森食光 / 冬春篇(台),森淳一 Junichi Mori,2015,日本,剧情,9.0,267587,https://movie.douban.com/subject/25814707/
111,爱在黎明破晓前/ Before Sunrise/ 情留半天(港)  /  爱在黎明破晓时(台),理查德·林克莱特 Richard Linklater,1995,美国 奥地利 瑞士,剧情 爱情,8.8,429951,https://movie.douban.com/subject/1296339/
112,一一/ Yi yi  /  Yi yi: A One and a Two,杨德昌 Edward Yang,2000,中国台湾 日本,剧情 爱情 家庭,9.0,256112,https://movie.douban.com/subject/1292434/
113,侧耳倾听/ 耳をすませば/ 心之谷(台)  /  梦幻街少女(港),近藤喜文 Yoshifumi Kondo,1995,日本,剧情 爱情 动画,8.9,330809,https://movie.douban.com/subject/1297052/
114,唐伯虎点秋香/ 唐伯虎點秋香/ Flirting Scholar,李力持 Lik-Chi Lee,1993,中国香港,喜剧 爱情 古装,8.6,735370,https://movie.douban.com/subject/1306249/
115,超脱/ Detachment/ 人间师格(台),托尼·凯耶 Tony Kaye,2011,美国,剧情,8.9,336507,https://movie.douban.com/subject/5322596/
116,玛丽和马克思/ Mary and Max/ 巧克力情缘(台)  /  同是天涯寂寞客,亚当·艾略特 Adam Elliot,2009,澳大利亚,剧情 喜剧 动画,8.9,334369,https://movie.douban.com/subject/3072124/
117,倩女幽魂/ 倩女幽魂(87版)  /  倩女幽魂：妖魔道,程小东 Siu-Tung Ching,1987,中国香港,爱情 奇幻 武侠 古装,8.7,521191,https://movie.douban.com/subject/1297447/
118,蝙蝠侠：黑暗骑士崛起/ The Dark Knight Rises/ 蝙蝠侠前传3：黑暗骑士崛起  /  黑暗骑士：黎明升起(台),克里斯托弗·诺兰 Christopher Nolan,2012,美国 英国,剧情 动作 科幻 犯罪 惊悚,8.8,515356,https://movie.douban.com/subject/3395373/
119,告白/ 自白  /  母亲,中岛哲也 Tetsuya Nakashima,2010,日本,剧情 惊悚,8.7,540299,https://movie.douban.com/subject/4268598/
120,甜蜜蜜/ Comrades: Almost a Love Story,陈可辛 Peter Chan,1996,中国香港,剧情 爱情,8.8,376651,https://movie.douban.com/subject/1305164/
121,大鱼/ Big Fish/ 大鱼奇缘(港)  /  大智若鱼(台),蒂姆·波顿 Tim Burton,2003,美国,剧情 家庭 奇幻 冒险,8.8,425245,https://movie.douban.com/subject/1291545/
122,阳光姐妹淘/ 써니/ 阳光姊妹淘(港)  /  桑尼,姜炯哲 Hyeong-Cheol Kang,2011,韩国,剧情 喜剧,8.8,460803,https://movie.douban.com/subject/4917726/
123,无人知晓/ 誰も知らない/ 谁知赤子心(港)  /  无人知晓的夏日清晨(台),是枝裕和 Hirokazu Koreeda,2004,日本,剧情,9.1,197488,https://movie.douban.com/subject/1292337/
124,萤火之森/ 蛍火の杜へ/ 萤火之社  /  Hotarubi no mori e,大森贵弘 Takahiro Omori,2011,日本,剧情 爱情 动画 奇幻,8.9,357848,https://movie.douban.com/subject/5989818/
125,射雕英雄传之东成西就/ 射鵰英雄傳之東成西就/ 东成西就  /  大英雄 (日本),刘镇伟 Jeffrey Lau,1993,中国香港,喜剧 奇幻 武侠 古装,8.7,473430,https://movie.douban.com/subject/1316510/
126,驯龙高手/ How to Train Your Dragon/ 驯龙记(港),迪恩·德布洛斯 Dean DeBlois / 克里斯·桑德斯 Chris Sanders,2010,美国,动画 奇幻 冒险,8.7,551532,https://movie.douban.com/subject/2353023/
127,超能陆战队/ Big Hero 6/ 大英雄联盟(港)  /  大英雄天团(台),唐·霍尔 Don Hall / 克里斯·威廉姆斯 Chris Williams,2014,美国,喜剧 动作 科幻 动画 冒险,8.7,713733,https://movie.douban.com/subject/11026735/
128,借东西的小人阿莉埃蒂/ 借りぐらしのアリエッティ/ 借物少女艾莉缇(台)  /  借东西的小矮人亚莉亚蒂(港),米林宏昌 Hiromasa Yonebayashi,2010,日本,动画 奇幻 冒险,8.8,390880,https://movie.douban.com/subject/4202302/
129,幸福终点站/ The Terminal/ 机场客运站(港)  /  航站情缘(台),史蒂文·斯皮尔伯格 Steven Spielberg,2004,美国,喜剧 剧情 爱情,8.8,391850,https://movie.douban.com/subject/1292274/
130,菊次郎的夏天/ 菊次郎の夏/ 菊次郎之夏  /  Kikujirô no natsu,北野武 Takeshi Kitano,1999,日本,剧情 喜剧,8.8,370826,https://movie.douban.com/subject/1293359/
131,爱在日落黄昏时/ Before Sunset/ 日落巴黎(港)  /  爱在日落巴黎时(台),理查德·林克莱特 Richard Linklater,2004,美国 法国,剧情 爱情,8.8,364422,https://movie.douban.com/subject/1291990/
132,恐怖直播/ 더 테러 라이브/ 死亡“动”新闻(港)  /  恐怖攻击直播(台),金秉祐 Byeong-woo Kim,2013,韩国,剧情 犯罪 悬疑,8.8,455878,https://movie.douban.com/subject/21360417/
133,完美的世界/ A Perfect World/ 强盗保镳,克林特·伊斯特伍德 Clint Eastwood,1993,美国,剧情 犯罪,9.1,184517,https://movie.douban.com/subject/1300992/
134,神偷奶爸/ Despicable Me/ 卑鄙的我  /  坏蛋奖门人(港),皮艾尔·柯芬 Pierre Coffin / 克里斯·雷纳德 Chris Renaud,2010,美国 法国,喜剧 动画 冒险,8.6,710802,https://movie.douban.com/subject/3287562/
135,"怪兽电力公司/ Monsters, Inc./ 怪兽公司(港)  /  怪物公司",彼特·道格特 Pete Docter / 大卫·斯沃曼 David Silverman,2001,美国,儿童 喜剧 动画 奇幻 冒险,8.7,465654,https://movie.douban.com/subject/1291579/
136,功夫/ 功夫3D  /  Kung Fu Hustle,周星驰 Stephen Chow,2004,中国大陆 中国香港,动作 喜剧 犯罪 奇幻,8.6,684982,https://movie.douban.com/subject/1291543/
137,人生果实/ 人生フルーツ/ 积存时间的生活(台)  /  人生水果,伏原健之 Kenshi Fushihara,2017,日本,纪录片,9.5,98391,https://movie.douban.com/subject/26874505/
138,玩具总动员3/ Toy Story 3/ 反斗奇兵3(港)  /  玩具的故事3,李·昂克里奇 Lee Unkrich,2010,美国,喜剧 动画 奇幻 冒险,8.8,361100,https://movie.douban.com/subject/1858711/
139,傲慢与偏见/ Pride & Prejudice/ 傲慢与偏见2005  /  Pride And Prejudice,乔·怀特 Joe Wright,2005,法国 英国 美国,剧情 爱情,8.6,553128,https://movie.douban.com/subject/1418200/
140,血战钢锯岭/ Hacksaw Ridge/ 钢锯岭  /  钢铁英雄(台),梅尔·吉布森 Mel Gibson,2016,美国 澳大利亚,剧情 传记 历史 战争,8.7,582851,https://movie.douban.com/subject/26325320/
141,风之谷/ 風の谷のナウシカ/ 风谷少女  /  Kaze no tani no Naushika,宫崎骏 Hayao Miyazaki,1984,日本,动画 奇幻 冒险,8.9,283027,https://movie.douban.com/subject/1291585/
142,天书奇谭/ The Legend of Sealed Book  /  Secrets of the Heavenly Book,王树忱 Shuchen Wang / 钱运达 Yunda Qian,1983(中国大陆),国大陆),中国大陆 / 动画 奇幻,9.2,149939,https://movie.douban.com/subject/1428581/
143,时空恋旅人/ About Time/ 时空旅恋人  /  回到最爱的一天(港),理查德·柯蒂斯 Richard Curtis,2013,英国,喜剧 爱情 奇幻,8.7,398235,https://movie.douban.com/subject/10577869/
144,教父3/ The Godfather: Part III/ 教父第三集  /  教父 III,弗朗西斯·福特·科波拉 Francis Ford Coppola,1990,美国,剧情 犯罪,8.9,249568,https://movie.douban.com/subject/1294240/
145,上帝之城/ Cidade de Deus/ 无主之城 (港)  /  无法无天 (台),not found,2002,巴西 法国,犯罪 剧情,8.9,232123,https://movie.douban.com/subject/1292208/
146,电锯惊魂/ Saw/ 夺魂锯(台)  /  恐惧斗室(港),詹姆斯·温 James Wan,2004,美国,悬疑 惊悚 恐怖,8.7,361115,https://movie.douban.com/subject/1417598/
147,喜宴/ 囍宴/ The Wedding Banquet,李安 Ang Lee,1993,中国台湾 美国,剧情 喜剧 爱情 同性 家庭,8.9,242653,https://movie.douban.com/subject/1303037/
148,被解救的姜戈/ Django Unchained/ 被解放的姜戈  /  决杀令(台),昆汀·塔伦蒂诺 Quentin Tarantino,2012,美国,剧情 动作 西部 冒险,8.7,441420,https://movie.douban.com/subject/6307447/
149,英雄本色/ A Better Tomorrow  /  Gangland Boss,吴宇森 John Woo,1986,中国香港,剧情 动作 犯罪,8.7,363401,https://movie.douban.com/subject/1297574/
150,哪吒闹海/ Prince Nezha's Triumph Against Dragon King  /  Nezha nao hai,严定宪 Dingxian Yan / 王树忱 Shuchen Wang,1979,中国大陆,冒险 动画 奇幻,9.1,177350,https://movie.douban.com/subject/1307315/
151,七武士/ 七人の侍/ 七侠四义(港)  /  七剑客(港),黑泽明 Akira Kurosawa,1954,日本,动作 冒险 剧情,9.2,135829,https://movie.douban.com/subject/1295399/
152,谍影重重3/ The Bourne Ultimatum/ 叛谍追击3：最后通牒(港)  /  神鬼认证：最后通牒 (台),保罗·格林格拉斯 Paul Greengrass,2007,美国 德国,动作 悬疑 惊悚,8.8,311246,https://movie.douban.com/subject/1578507/
153,岁月神偷/ 歲月神偷/ 1969太空漫游  /  Echoes Of The Rainbow,罗启锐 Alex Law,2010,中国香港 中国大陆,剧情 家庭,8.7,462028,https://movie.douban.com/subject/3792799/
154,我是山姆/ I Am Sam/ 不一样的爸爸(港)  /  他不笨，他是我爸爸(台),杰茜·尼尔森 Jessie Nelson,2001,美国,剧情 家庭,8.9,218297,https://movie.douban.com/subject/1306861/
155,釜山行/ 부산행/ 尸杀列车(港)  /  尸速列车(台),延尚昊 Sang-ho Yeon,2016,韩国,动作 惊悚 灾难,8.5,813332,https://movie.douban.com/subject/25986180/
156,头号玩家/ Ready Player One/ 玩家一号  /  挑战者1号(港),史蒂文·斯皮尔伯格 Steven Spielberg,2018,美国,动作 科幻 冒险,8.7,1023273,https://movie.douban.com/subject/4920389/
157,纵横四海/ 緃横四海/ Once a Thief,吴宇森 John Woo,1991,中国香港,剧情 喜剧 动作 犯罪,8.8,293222,https://movie.douban.com/subject/1295409/
158,疯狂原始人/ The Croods/ 古鲁家族(港 / 台),科克·德·米科 Kirk De Micco / 克里斯·桑德斯 Chris Sanders,2013,美国,喜剧 动画 冒险,8.7,625244,https://movie.douban.com/subject/1907966/
159,"三块广告牌/ Three Billboards Outside Ebbing, Missouri/ 广告牌杀人事件(港)  /  意外(台)",马丁·麦克唐纳 Martin McDonagh,2017,美国 英国,剧情 犯罪,8.7,610834,https://movie.douban.com/subject/26611804/
160,哈利·波特与阿兹卡班的囚徒/ Harry Potter and the Prisoner of Azkaban/ 哈利波特3：阿兹卡班的逃犯(港 / 台),Alfonso Cuarón,2004,英国 美国,奇幻 冒险,8.7,402036,https://movie.douban.com/subject/1291544/
161,心迷宫/ 殡棺  /  The Coffin in the Mountain,忻钰坤 Yukun Xin,2014,中国大陆,剧情 犯罪 悬疑,8.7,354902,https://movie.douban.com/subject/25917973/
162,达拉斯买家俱乐部/ Dallas Buyers Club/ 续命枭雄(港)  /  药命俱乐部(台),让-马克·瓦雷 Jean-Marc Vallée,2013,美国,剧情 传记 同性,8.8,326939,https://movie.douban.com/subject/1793929/
163,萤火虫之墓/ 火垂るの墓/ 再见萤火虫(港)  /  萤火挽歌,高畑勋 Isao Takahata,1988,日本,动画 剧情 战争,8.7,323090,https://movie.douban.com/subject/1293318/
164,荒蛮故事/ Relatos salvajes/ 蛮荒故事  /  生命中最抓狂的小事(台),达米安·斯兹弗隆 Damián Szifron,2014,阿根廷 西班牙,剧情 喜剧 犯罪,8.8,302716,https://movie.douban.com/subject/24750126/
165,卢旺达饭店/ Hotel Rwanda/ 卢安达饭店(台),特瑞·乔治 Terry George,2004,英国 南非 意大利,剧情 历史 战争,8.9,213296,https://movie.douban.com/subject/1291822/
166,真爱至上/ Love Actually/ 爱是您，爱是我(台)  /  真的恋爱了(港),理查德·柯蒂斯 Richard Curtis,2003,英国 美国 法国,喜剧 剧情 爱情,8.6,527706,https://movie.douban.com/subject/1292401/
167,贫民窟的百万富翁/ Slumdog Millionaire/ 一百万零一夜(港)  /  贫民百万富翁(台),丹尼·鲍尔 Danny Boyle / 洛芙琳·坦丹 Loveleen Tandan,2008,英国 法国 美国 印度,剧情 爱情,8.6,576711,https://movie.douban.com/subject/2209573/
168,东邪西毒/ 東邪西毒/ Ashes of Time,王家卫 Kar Wai Wong,1994,中国香港 中国台湾,剧情 动作 爱情 武侠 古装,8.6,439257,https://movie.douban.com/subject/1292328/
169,你的名字。/ 君の名は。/ 你的名字  /  君之名,新海诚 Makoto Shinkai,2016,日本,剧情 爱情 动画,8.4,995646,https://movie.douban.com/subject/26683290/
170,记忆碎片/ Memento/ 凶心人(港)  /  记忆拼图(台),克里斯托弗·诺兰 Christopher Nolan,2000,美国,犯罪 剧情 悬疑 惊悚,8.6,444495,https://movie.douban.com/subject/1304447/
171,花样年华/ 花樣年華/ In the Mood for Love,王家卫 Kar Wai Wong,2000,中国香港,剧情 爱情,8.7,412365,https://movie.douban.com/subject/1291557/
172,爆裂鼓手/ Whiplash/ 鼓动真我(港)  /  进击的鼓手(台),达米恩·查泽雷 Damien Chazelle,2014,美国,剧情 音乐,8.7,401370,https://movie.douban.com/subject/25773932/
173,一个叫欧维的男人决定去死/ En man som heter Ove/ 明天别再来敲门(台)  /  想死冇咁易(港),汉内斯·赫尔姆 Hannes Holm,2015,瑞典,剧情,8.8,269838,https://movie.douban.com/subject/26628357/
174,黑天鹅/ Black Swan/ 夺命黑天鹅  /  霸王别鹅(豆友译名),达伦·阿罗诺夫斯基 Darren Aronofsky,2010,美国,剧情 惊悚,8.6,637795,https://movie.douban.com/subject/1978709/
175,忠犬八公物语/ ハチ公物語/ 八千公物语  /  阿八的故事,Seijirô Kôyama,1987,日本,剧情,9.2,133741,https://movie.douban.com/subject/1959195/
176,黑客帝国3：矩阵革命/ The Matrix Revolutions/ 22世纪杀人网络3：惊变世纪(港)  /  廿二世纪杀人网络3：惊变世纪,Andy Wachowski / Larry Wachowski,2003,美国 澳大利亚,动作 科幻,8.8,301876,https://movie.douban.com/subject/1302467/
177,哈利·波特与密室/ Harry Potter and the Chamber of Secrets/ 哈利波特2：消失的密室(港 / 台),Chris Columbus,2002,美国 英国 德国,奇幻 冒险,8.6,421051,https://movie.douban.com/subject/1296996/
178,模仿游戏/ The Imitation Game/ 解码游戏(港)  /  模拟游戏,莫滕·泰杜姆 Morten Tyldum,2014,英国 美国,剧情 传记 战争 同性,8.7,437936,https://movie.douban.com/subject/10463953/
179,头脑特工队/ Inside Out/ 玩转脑朋友(港)  /  脑筋急转弯(台),not found,2015,美国,喜剧 动画 冒险,8.7,422460,https://movie.douban.com/subject/10533913/
180,未麻的部屋/ Perfect Blue/ 蓝色恐惧(港 / 台),今敏 Satoshi Kon,1997,日本,动画 奇幻 惊悚,8.9,190155,https://movie.douban.com/subject/1395091/
181,你看起来好像很好吃/ おまえうまそうだな/ 你看起来很好吃(台)  /  你看上去好像很好吃,藤森雅也 Masaya Fujimori,2010,日本,剧情 动画 儿童,8.9,249880,https://movie.douban.com/subject/4848115/
182,新世界/ 신세계/ 暗黑新世界(台)  /  New World,朴勋政 Hoon-jung Park,2013,韩国,剧情 犯罪,8.8,237815,https://movie.douban.com/subject/10437779/
183,雨人/ Rain Man/ 手足情未了(港)  /  手足情深,巴瑞·莱文森 Barry Levinson,1988,美国,剧情,8.7,310554,https://movie.douban.com/subject/1291870/
184,无敌破坏王/ Wreck-It Ralph/ 破坏王拉尔夫  /  破坏王大冒险,瑞奇·莫尔 Rich Moore,2012,美国,喜剧 动画 奇幻 冒险,8.7,385337,https://movie.douban.com/subject/6534248/
185,海街日记/ 海街diary/ 海街女孩日记(港)  /  Kamakura Diary,是枝裕和 Hirokazu Koreeda,2015,日本,剧情 家庭,8.8,286229,https://movie.douban.com/subject/25895901/
186,冰川时代/ Ice Age/ 冰河世纪  /  冰原历险记,卡洛斯·沙尔丹哈 Carlos Saldanha / 克里斯·韦奇 Chris Wedge,2002,美国,喜剧 动画 冒险,8.6,461530,https://movie.douban.com/subject/1291578/
187,恋恋笔记本/ The Notebook/ 忘了·忘不了(港)  /  手札情缘(台),尼克·卡索维茨 Nick Cassavetes,2004,美国,剧情 爱情,8.5,480276,https://movie.douban.com/subject/1309163/
188,惊魂记/ Psycho/ 精神病患者  /  触目惊心(港),阿尔弗雷德·希区柯克 Alfred Hitchcock,1960,美国,悬疑 惊悚 恐怖,9.0,168125,https://movie.douban.com/subject/1293181/
189,海边的曼彻斯特/ Manchester by the Sea/ 情系海边之城(港),肯尼斯·罗纳根 Kenneth Lonergan,2016,美国,剧情 家庭,8.6,356953,https://movie.douban.com/subject/25980443/
190,二十二/ Twenty Two  /  22,郭柯 Ke Guo,2015,中国大陆,纪录片,8.7,215760,https://movie.douban.com/subject/26430107/
191,房间/ Room/ 不存在的房间(台)  /  抖室(港),伦尼·阿伯拉罕森 Lenny Abrahamson,2015,爱尔兰 加拿大 英国 美国,剧情 家庭,8.8,290092,https://movie.douban.com/subject/25724855/
192,恐怖游轮/ Triangle/ 汪洋血迷宮(台)  /  轮回三角,克里斯托弗·史密斯 Christopher Smith,2009,英国 澳大利亚,剧情 悬疑 惊悚,8.5,573173,https://movie.douban.com/subject/3011051/
193,虎口脱险/ La grande vadrouille/ 横冲直撞出重围(港)  /  大進擊(台),杰拉尔·乌里 Gérard Oury,1966,法国 英国,喜剧 战争,8.9,171815,https://movie.douban.com/subject/1296909/
194,魔女宅急便/ 魔女の宅急便/ 魔女琪琪(台)  /  小魔女限时专送,宫崎骏 Hayao Miyazaki,1989,日本,动画 奇幻 冒险,8.6,338810,https://movie.douban.com/subject/1307811/
195,奇迹男孩/ Wonder/ 奇迹,斯蒂芬·卓博斯基 Stephen Chbosky,2017,美国 中国香港,剧情 儿童 家庭,8.6,419766,https://movie.douban.com/subject/26787574/
196,疯狂的石头/ Crazy Stone,宁浩 Hao Ning,2006,中国大陆 中国香港,喜剧 犯罪,8.5,580301,https://movie.douban.com/subject/1862151/
197,雨中曲/ Singin' in the Rain/ 万花嬉春(港 / 台),斯坦利·多南 Stanley Donen / 吉恩·凯利 Gene Kelly,1952,美国,喜剧 歌舞 爱情,9.0,149630,https://movie.douban.com/subject/1293460/
198,人工智能/ Artificial Intelligence: AI/ AI人工智慧,史蒂文·斯皮尔伯格 Steven Spielberg,2001,美国,剧情 科幻,8.6,319164,https://movie.douban.com/subject/1302827/
199,小偷家族/ 万引き家族/ Shoplifters  /  Une Affaire de Famille,是枝裕和 Hirokazu Koreeda,2018,日本,剧情 犯罪 家庭,8.7,592882,https://movie.douban.com/subject/27622447/
200,绿里奇迹/ The Green Mile/ 绿色奇迹(台)  /  绿色英里,Frank Darabont,1999,美国,犯罪 剧情 奇幻 悬疑,8.8,201936,https://movie.douban.com/subject/1300374/
201,爱在午夜降临前/ Before Midnight/ 情约半生(港)  /  爱在午夜希腊时(台),理查德·林克莱特 Richard Linklater,2013,美国 希腊,剧情 爱情,8.8,233834,https://movie.douban.com/subject/10808442/
202,罗生门/ 羅生門/ Rashomon,黑泽明 Akira Kurosawa,1950,日本,剧情 犯罪 悬疑,8.8,221490,https://movie.douban.com/subject/1291879/
203,终结者2：审判日/ Terminator 2: Judgment Day/ 终结者2  /  终结者2：末日审判,詹姆斯·卡梅隆 James Cameron,1991,美国 法国,动作 科幻,8.7,255345,https://movie.douban.com/subject/1291844/
204,初恋这件小事/ สิ่งเล็กเล็กที่เรียกว่า...รัก/ 初恋那件小事(港)  /  暗恋那点小事,not found,2010,泰国,剧情 喜剧 爱情,8.4,768762,https://movie.douban.com/subject/4739952/
205,海洋/ Océans/ Oceans  /  海洋,雅克·贝汉 Jacques Perrin / 雅克·克鲁奥德 Jacques Cluzaud,2009,法国 瑞士 西班牙 美国 阿联酋,纪录片,9.1,130948,https://movie.douban.com/subject/3443389/
206,魂断蓝桥/ Waterloo Bridge/ 滑铁卢桥  /  断桥残梦,茂文·勒鲁瓦 Mervyn LeRoy,1940,美国,剧情 爱情 战争,8.8,201935,https://movie.douban.com/subject/1293964/
207,可可西里/ Kekexili: Mountain Patrol,陆川 Chuan Lu,2004,中国大陆 中国香港,剧情 犯罪,8.8,211551,https://movie.douban.com/subject/1308857/
208,2001太空漫游/ 2001: A Space Odyssey/ 2001：星际漫游  /  2001：太空奥德赛,斯坦利·库布里克 Stanley Kubrick,1968,英国 美国,科幻 惊悚 冒险,8.8,203306,https://movie.douban.com/subject/1292226/
209,燃情岁月/ Legends of the Fall/ 秋日传奇  /  真爱一世情(台),爱德华·兹威克 Edward Zwick,1994,美国,剧情 爱情 战争 西部,8.8,216314,https://movie.douban.com/subject/1295865/
210,穿越时空的少女/ 時をかける少女/ 跳跃吧！时空少女(台)  /  Toki o kakeru shôjo,细田守 Mamoru Hosoda,2006,日本,剧情 爱情 科幻 动画,8.6,297988,https://movie.douban.com/subject/1937946/
211,城市之光/ City Lights/ City Lights: A Comedy Romance in Pantomime  /  Lichter der Großstadt,Charles Chaplin,1931,美国,喜剧 剧情 爱情,9.3,90706,https://movie.douban.com/subject/1293908/
212,牯岭街少年杀人事件/ 牯嶺街少年殺人事件/ A Brighter Summer Day,杨德昌 Edward Yang,1991,中国台湾,剧情 犯罪,8.8,186344,https://movie.douban.com/subject/1292329/
213,新龙门客栈/ 新龍門客棧/ New Dragon Gate Inn,李惠民 Raymond Lee,1992,中国香港 中国大陆,动作 爱情 武侠 古装,8.6,321009,https://movie.douban.com/subject/1292287/
214,无耻混蛋/ Inglourious Basterds/ 恶棍特工(台)  /  希魔撞正杀人狂(港),Quentin Tarantino,2009,德国 美国,剧情 犯罪,8.6,355682,https://movie.douban.com/subject/1438652/
215,完美陌生人/ Perfetti sconosciuti/ 完美谎情(港)  /  波动的信息分享,保罗·格诺维瑟 Paolo Genovese,2016,意大利,剧情 喜剧,8.5,405634,https://movie.douban.com/subject/26614893/
216,源代码/ Source Code/ 启动原始码(台)  /  危机解密(港),邓肯·琼斯 Duncan Jones,2011,美国 加拿大,科幻 悬疑 惊悚,8.4,610028,https://movie.douban.com/subject/3075287/
217,色，戒/ 色|戒  /  色·戒,李安 Ang Lee,2007,中国台湾 中国大陆 美国 中国香港,剧情 爱情 情色,8.5,490468,https://movie.douban.com/subject/1828115/
218,青蛇/ Green Snake,徐克 Hark Tsui,1993,中国香港 中国大陆,剧情 爱情 奇幻 古装,8.5,372633,https://movie.douban.com/subject/1303394/
219,阿飞正传/ 阿飛正傳/ Days of Being Wild,王家卫 Kar Wai Wong,1990,中国香港,犯罪 剧情 爱情,8.5,363119,https://movie.douban.com/subject/1305690/
220,遗愿清单/ The Bucket List/ 玩转身前事(港)  /  一路玩到挂(台),罗伯·莱纳 Rob Reiner,2007,美国,冒险 喜剧 剧情,8.6,270501,https://movie.douban.com/subject/1867345/
221,香水/ Perfume: The Story of a Murderer/ 香水：一个杀人犯的故事  /  香水：一个谋杀犯的故事,汤姆·提克威 Tom Tykwer,2006,德国 法国 西班牙 美国,剧情 犯罪 奇幻,8.5,423921,https://movie.douban.com/subject/1760622/
222,谍影重重2/ The Bourne Supremacy/ 叛谍追击2：机密圈套(港)  /  神鬼认证：神鬼疑云(台),保罗·格林格拉斯 Paul Greengrass,2004,美国 德国,动作 悬疑 惊悚,8.7,262612,https://movie.douban.com/subject/1308767/
223,血钻/ Blood Diamond/ 血钻石(台)  /  血腥钻石,爱德华·兹威克 Edward Zwick,2006,美国 德国,剧情 惊悚 冒险,8.7,257806,https://movie.douban.com/subject/1428175/
224,地球上的星星/ Taare Zameen Par/ 心中的小星星(台)  /  每一个孩子都是特别的,阿米尔·汗 Aamir Khan,2007,印度,剧情 儿童 家庭,8.9,151698,https://movie.douban.com/subject/2363506/
225,大佛普拉斯/ The Great Buddha+,黄信尧 Hsin-yao Huang,2017,中国台湾,剧情 喜剧,8.7,278137,https://movie.douban.com/subject/27059130/
226,战争之王/ Lord of War/ 军火之王(台 / 港),安德鲁·尼科尔 Andrew Niccol,2005,美国 法国,剧情 犯罪,8.6,263470,https://movie.douban.com/subject/1419936/
227,谍影重重/ The Bourne Identity/ 叛谍追击(港)  /  神鬼认证(台),道格·里曼 Doug Liman,2002,美国 德国 捷克,动作 悬疑 惊悚,8.6,313764,https://movie.douban.com/subject/1304102/
228,疯狂的麦克斯4：狂暴之路/ Mad Max: Fury Road/ 末日先锋：战甲飞车(港)  /  疯狂麦斯：愤怒道(台),乔治·米勒 George Miller,2015,澳大利亚 美国,动作 科幻 冒险,8.6,372609,https://movie.douban.com/subject/3592854/
229,步履不停/ 歩いても 歩いても/ 横山家之味(港 / 台),是枝裕和 Hirokazu Koreeda,2008,日本,剧情 家庭,8.8,184202,https://movie.douban.com/subject/2222996/
230,彗星来的那一夜/ Coherence/ 相干性  /  相干效应,詹姆斯·沃德·布柯特 James Ward Byrkit,2013,美国 英国,科幻 悬疑 惊悚,8.5,365607,https://movie.douban.com/subject/25807345/
231,猜火车/ Trainspotting/ 迷幻列车(港)  /  定位的火车,丹尼·博伊尔 Danny Boyle,1996,英国,剧情 犯罪,8.5,340902,https://movie.douban.com/subject/1292528/
232,九品芝麻官/ 白面包青天  /  Hail the Judge,王晶 Jing Wong,1994,中国香港,剧情 喜剧 古装,8.5,390889,https://movie.douban.com/subject/1297518/
233,朗读者/ The Reader/ 为爱朗读(台)  /  读爱(港),史蒂芬·戴德利 Stephen Daldry,2008,美国 德国,剧情 爱情,8.6,372132,https://movie.douban.com/subject/2213597/
234,浪潮/ Die Welle/ 恶魔教室(台)  /  白恤暴潮(港),丹尼斯·甘塞尔 Dennis Gansel,2008,德国,剧情 惊悚,8.7,205406,https://movie.douban.com/subject/2297265/
235,哈利·波特与火焰杯/ Harry Potter and the Goblet of Fire/ 哈利波特4：火杯的考验(港 / 台),Mike Newell,2005,英国 美国,奇幻 冒险,8.5,357800,https://movie.douban.com/subject/1309055/
236,小萝莉的猴神大叔/ Bajrangi Bhaijaan/ 娃娃返乡任务(台)  /  宝莱坞之钢铁奶爸(台),卡比尔·汗 Kabir Khan,2015,印度,剧情 喜剧 动作,8.4,359723,https://movie.douban.com/subject/26393561/
237,再次出发之纽约遇见你/ Begin Again/ 再次出发  /  歌曲改变人生,约翰·卡尼 John Carney,2013,美国,喜剧 爱情 音乐,8.6,306897,https://movie.douban.com/subject/6874403/
238,东京物语/ 東京物語/ 东京故事  /  东京纪行,小津安二郎 Yasujirô Ozu,1953,日本,剧情 家庭,9.2,92543,https://movie.douban.com/subject/1291568/
239,聚焦/ Spotlight/ 焦点追击(港)  /  惊爆焦点(台),托马斯·麦卡锡 Thomas McCarthy,2015,美国,剧情 传记,8.8,210822,https://movie.douban.com/subject/25954475/
240,驴得水/ Mr. Donkey,周申 Shen Zhou / 刘露 Lu Liu,2016,中国大陆,剧情 喜剧,8.3,669868,https://movie.douban.com/subject/25921812/
241,追随/ Following/ 跟踪(台)  /  致命追踪,克里斯托弗·诺兰 Christopher Nolan,1998,英国,犯罪 悬疑 惊悚,8.9,133519,https://movie.douban.com/subject/1397546/
242,千钧一发/ Gattaca/ 变种异煞(港)  /  自然人,安德鲁·尼科尔 Andrew Niccol,1997,美国,剧情 科幻 惊悚,8.8,177099,https://movie.douban.com/subject/1300117/
243,波西米亚狂想曲/ Bohemian Rhapsody/ 波希米亚狂想曲：摇滚传说(港)  /  波希米亚狂想曲(台),布莱恩·辛格 Bryan Singer,2018,英国 美国,剧情 传记 同性 音乐,8.7,414223,https://movie.douban.com/subject/5300054/
244,一次别离/ جدایی نادر از سیمین/ 分居风暴(台)  /  伊朗式分居(港),阿斯哈·法哈蒂  Asghar Farhadi,2011,伊朗 法国,剧情 家庭,8.7,198070,https://movie.douban.com/subject/5964718/
245,我爱你/ 그대를 사랑합니다/ 爱你  /  爱，是一生相伴(台),秋昌民 Chang-min Choo,2011,韩国,剧情 爱情,9.0,111796,https://movie.douban.com/subject/5908478/
246,黑鹰坠落/ Black Hawk Down/ 黑鹰15小时(港)  /  黑鹰计划(台),雷德利·斯科特 Ridley Scott,2001,美国,动作 历史 战争,8.7,212010,https://movie.douban.com/subject/1291824/
247,网络谜踪/ Searching/ 人肉搜寻(港)  /  人肉搜索(台),阿尼什·查甘蒂 Aneesh Chaganty,2018,美国 俄罗斯,剧情 犯罪 悬疑 惊悚,8.6,386143,https://movie.douban.com/subject/27615441/
248,四个春天/ Four Springs,陆庆屹 Lu Qing Yi,2017,中国大陆,纪录片 家庭,8.9,120053,https://movie.douban.com/subject/27191492/
249,发条橙/ A Clockwork Orange/ 发条桔子  /  发条橙子,Stanley Kubrick,1971,英国 美国,犯罪 剧情 科幻,8.6,282709,https://movie.douban.com/subject/1292233/
250,黑客帝国2：重装上阵/ The Matrix Reloaded/ 22世纪杀人网络2：决战未来(港)  /  廿二世纪杀人网络2：决战未来,Andy Wachowski / Larry Wachowski,2003,美国 澳大利亚,动作 科幻,8.6,259577,https://movie.douban.com/subject/1304141/
